Time,GPS_X,GPS_Y,Est_X,Est_Y,Theta
0.064,0.001988,-0.907145,0.780609,-0.935751,-3.67801e-06
0.128,0.0727472,-1.03426,0.767335,-0.937721,-3.68704e-06
0.192,0.121009,-0.902373,0.754345,-0.937013,-0.0141118
0.256,0.0790374,-0.875963,0.740839,-0.935792,-0.0282219
0.32,0.0245989,-0.898777,0.726514,-0.935052,-0.0423321
0.384,0.0542977,-0.907756,0.71307,-0.934506,-0.0564426
0.448,-0.0116267,-0.950783,0.698639,-0.934836,-0.070553
0.512,0.0952545,-0.966141,0.686508,-0.935457,-0.0846633
0.576,-0.00982715,-0.947224,0.672582,-0.935692,-0.0987738
0.64,0.0602932,-0.986095,0.660336,-0.9367,-0.112885
0.704,0.0703168,-0.889894,0.648536,-0.935764,-0.126996
0.768,0.0821886,-0.997363,0.637271,-0.937005,-0.141107
0.832,0.0470667,-0.990151,0.625405,-0.938058,-0.155217
0.896,0.0230119,-0.9502,0.613357,-0.938301,-0.169328
0.96,-0.0914459,-0.923003,0.599261,-0.937995,-0.183439
1.024,0.0890912,-0.885533,0.589057,-0.936946,-0.197551
1.088,0.0555841,-0.860318,0.57845,-0.935426,-0.211665
1.152,0.0380096,-1.03057,0.567579,-0.937315,-0.225781
1.216,0.0633991,-0.978254,0.557496,-0.938134,-0.239898
1.28,0.0524888,-0.945734,0.547396,-0.938286,-0.254015
1.344,0.0335511,-1.13496,0.537119,-0.942219,-0.268133
1.408,0.139448,-0.899713,0.529226,-0.941387,-0.282252
1.472,-0.0303516,-0.904336,0.517974,-0.940627,-0.296371
1.536,0.0197376,-0.87741,0.508009,-0.939363,-0.310489
1.6,-0.000754565,-1.00167,0.497834,-0.940609,-0.324607
1.664,0.0779887,-0.953168,0.489437,-0.940861,-0.338725
1.728,0.0734178,-0.99677,0.481176,-0.942,-0.352843
1.792,0.0929104,-0.906618,0.473352,-0.94127,-0.366961
1.856,0.154869,-0.968271,0.466982,-0.94181,-0.38108
1.92,0.0497992,-0.929753,0.458638,-0.941569,-0.395198
1.984,-0.0446818,-0.980429,0.448572,-0.942346,-0.409315
2.048,0.0565906,-0.945441,0.44079,-0.942434,-0.423432
2.112,0.0509595,-0.921533,0.432936,-0.941989,-0.437548
2.176,-0.0273477,-0.93358,0.42373,-0.941821,-0.451665
2.24,0.0657173,-0.924195,0.41657,-0.941469,-0.465782
2.304,0.0291725,-0.961571,0.408822,-0.941871,-0.479899
2.368,0.0324006,-0.886386,0.401349,-0.940791,-0.494016
2.432,0.0992767,-0.938866,0.395253,-0.940722,-0.508131
2.496,0.0923057,-1.02152,0.389194,-0.942338,-0.522246
2.56,0.0770907,-0.880943,0.382952,-0.94111,-0.536362
2.624,0.134547,-0.845411,0.377984,-0.939196,-0.550477
2.688,-0.00196368,-1.00375,0.370438,-0.940521,-0.564593
2.752,0.067535,-0.998391,0.364327,-0.941644,-0.578709
2.816,0.0445336,-0.910926,0.357931,-0.941029,-0.592824
2.88,0.0427874,-0.90356,0.351628,-0.94028,-0.606938
2.944,0.0635298,-1.02062,0.345866,-0.941887,-0.621052
3.008,0.0124105,-1.0102,0.339248,-0.943291,-0.635166
3.072,0.093474,-0.93217,0.334282,-0.94303,-0.649281
3.136,0.0689042,-0.917753,0.328975,-0.942524,-0.663396
3.2,0.087958,-1.04747,0.324154,-0.944623,-0.67751
3.264,0.0451655,-0.981272,0.318575,-0.945356,-0.691623
3.328,0.0535656,-0.964291,0.313322,-0.945776,-0.705736
3.392,0.0400883,-0.900596,0.30781,-0.944831,-0.719849
3.456,0.111063,-0.930534,0.303875,-0.944545,-0.733963
3.52,-0.00336287,-1.01804,0.297731,-0.946015,-0.748077
3.584,-0.077502,-0.98484,0.290226,-0.946791,-0.762191
3.648,0.0673783,-0.996614,0.285814,-0.947832,-0.776303
3.712,0.0620485,-0.949416,0.281294,-0.947819,-0.790416
3.776,0.0428435,-0.917566,0.276525,-0.947214,-0.804528
3.84,0.116817,-1.01349,0.273331,-0.948539,-0.818641
3.904,0.0430433,-0.898041,0.268725,-0.947529,-0.832755
3.968,0.126168,-0.89443,0.265916,-0.946514,-0.846868
4.032,0.139533,-0.916636,0.263347,-0.945869,-0.860981
4.096,0.01113,-1.00235,0.258303,-0.946999,-0.875093
4.16,-0.0289891,-0.874064,0.252557,-0.94554,-0.889205
4.224,0.154108,-0.95451,0.250588,-0.945719,-0.903317
4.288,0.130843,-0.944134,0.248232,-0.945738,-0.917431
4.352,0.0578582,-0.896812,0.244386,-0.944709,-0.931544
4.416,0.0291396,-0.900759,0.240081,-0.94383,-0.945657
4.48,0.121378,-0.88311,0.237707,-0.942615,-0.959769
4.544,0.0917644,-0.956968,0.234789,-0.942902,-0.973881
4.608,0.0877879,-0.981362,0.231883,-0.943724,-0.987993
4.672,0.0462152,-0.905206,0.228136,-0.942901,-1.00211
4.736,0.066464,-0.949637,0.224903,-0.943035,-1.01622
4.8,0.0825509,-1.03397,0.222055,-0.944854,-1.03033
4.864,-0.00393636,-0.977989,0.217536,-0.945517,-1.04444
4.928,0.0547848,-0.907621,0.214312,-0.944814,-1.05856
4.992,0.223039,-0.937013,0.214456,-0.944602,-1.07267
5.056,0.0768273,-0.847388,0.211703,-0.942658,-1.08678
5.12,0.183741,-0.864614,0.211144,-0.941097,-1.10089
5.184,0.107839,-0.920474,0.209078,-0.940685,-1.11501
5.248,0.0990207,-0.975713,0.206904,-0.941442,-1.12912
5.312,0.0710866,-0.93196,0.204161,-0.941195,-1.14323
5.376,0.0155273,-0.972953,0.200389,-0.94183,-1.15734
5.44,0.0847543,-1.04174,0.198076,-0.943828,-1.17145
5.504,0.131657,-1.03188,0.196748,-0.945589,-1.18557
5.568,0.0893392,-0.931618,0.194622,-0.945369,-1.19968
5.632,0.115181,-0.877362,0.193011,-0.94395,-1.21379
5.696,0.0743554,-0.972538,0.190638,-0.944521,-1.2279
5.76,0.0408777,-0.952715,0.187643,-0.944685,-1.24201
5.824,0.0691415,-0.882138,0.185273,-0.943434,-1.25612
5.888,0.101015,-0.919096,0.183607,-0.943008,-1.27024
5.952,0.138999,-0.988439,0.182697,-0.943856,-1.28435
6.016,0.0788014,-0.987652,0.180619,-0.944732,-1.29846
6.08,0.0405796,-0.883867,0.177818,-0.943514,-1.31257
6.144,-0.0814725,-0.869787,0.172632,-0.94204,-1.32668
6.208,0.0906333,-0.92588,0.171007,-0.941778,-1.34079
6.272,0.114309,-0.929166,0.169859,-0.941464,-1.3549
6.336,0.135909,-1.00144,0.16918,-0.942664,-1.36902
6.4,0.0221002,-0.843855,0.166238,-0.940688,-1.38313
6.464,0.132282,-1.00327,0.165559,-0.941939,-1.39724
6.528,0.0835244,-0.902914,0.163929,-0.941221,-1.41135
6.592,-0.0130475,-0.966347,0.16038,-0.941661,-1.42546
6.656,0.192639,-0.914091,0.161025,-0.94111,-1.43957
6.72,0.0641973,-0.907778,0.159089,-0.940443,-1.45368
6.784,-0.0033652,-0.901894,0.15584,-0.939672,-1.46779
6.848,0.191207,-0.927599,0.156552,-0.939494,-1.4819
6.912,0.0615045,-1.05205,0.154647,-0.941682,-1.49601
6.976,-0.0132806,-0.801634,0.151288,-0.938881,-1.51012
7.04,-0.0271436,-0.972716,0.14772,-0.939558,-1.52423
7.104,0.102613,-0.852197,0.146818,-0.93781,-1.53834
7.168,0.0238784,-0.893129,0.14436,-0.93698,-1.55245
7.232,0.112106,-0.910966,0.143715,-0.936396,-1.56656
7.296,0.0673718,-0.933965,0.142188,-0.936348,-1.58067
7.36,0.0629765,-0.914183,0.140603,-0.935905,-1.59478
7.424,0.056373,-0.9414,0.138899,-0.936834,-1.59478
7.488,-0.013918,-0.893539,0.135823,-0.936788,-1.59478
7.552,0.117735,-0.917806,0.135443,-0.937165,-1.59478
7.616,-0.0664534,-0.995058,0.131384,-0.939206,-1.59478
7.68,-0.107681,-0.889408,0.126585,-0.938967,-1.59478
7.744,0.0822196,-0.941318,0.125678,-0.939834,-1.59478
7.808,0.0604329,-0.935651,0.124353,-0.94057,-1.59478
7.872,0.12669,-0.942374,0.124382,-0.941363,-1.59478
7.936,0.0716498,-0.935482,0.123306,-0.942128,-1.59478
8,0.0875099,-0.944599,0.122572,-0.942934,-1.59478
8.064,0.0183296,-1.00694,0.120467,-0.945034,-1.59478
8.128,0.0891532,-0.89563,0.119821,-0.944866,-1.59478
8.192,0.00454274,-0.88044,0.117498,-0.944334,-1.59478
8.256,0.0355477,-1.04447,0.115837,-0.94722,-1.59478
8.32,0.110219,-0.902796,0.115707,-0.947088,-1.59478
8.384,0.138147,-0.889512,0.116136,-0.946756,-1.59478
8.448,0.0772058,-0.801311,0.115338,-0.944667,-1.59478
8.512,0.014901,-0.983624,0.113311,-0.946203,-1.59478
8.576,0.0319444,-0.872077,0.111662,-0.945604,-1.59478
8.64,0.0134812,-0.918659,0.109681,-0.945821,-1.59478
8.704,0.0764677,-0.844438,0.108997,-0.944614,-1.59478
8.768,-0.0442206,-0.892577,0.105913,-0.944393,-1.59478
8.832,0.0980245,-0.910252,0.105737,-0.944467,-1.59478
8.896,0.105776,-0.998192,0.105716,-0.946424,-1.59478
8.96,0.0757944,-1.01853,0.1051,-0.948623,-1.59478
9.024,0.0415293,-0.883127,0.103809,-0.948133,-1.59478
9.088,0.0420377,-0.906242,0.102554,-0.948115,-1.59478
9.152,0.0531193,-0.990876,0.101547,-0.949727,-1.59478
9.216,0.0558475,-0.977845,0.100612,-0.951172,-1.59478
9.28,-0.0545129,-1.00829,0.0974909,-0.953071,-1.59478
9.344,0.0233693,-0.900171,0.0959888,-0.952833,-1.59478
9.408,0.0499611,-0.938253,0.0950486,-0.953361,-1.59478
9.472,-0.0150254,-0.894983,0.092829,-0.952951,-1.59478
9.536,0.0894289,-0.937123,0.0927398,-0.953517,-1.59478
9.6,-0.0283729,-0.912481,0.0902994,-0.953453,-1.59478
9.664,-0.012977,-0.737815,0.0882142,-0.94996,-1.59478
9.728,0.0221545,-0.928092,0.0868733,-0.950343,-1.59478
9.792,-0.070376,-0.965627,0.0837102,-0.951405,-1.59478
9.856,0.0702818,-0.942021,0.0834204,-0.9521,-1.59478
9.92,0.0106763,-0.944575,0.0819474,-0.952707,-1.59478
9.984,0.0891606,-1.0105,0.082072,-0.954682,-1.59478
10.048,0.0982107,-0.856653,0.0823751,-0.953541,-1.59478
10.112,0.103068,-1.0413,0.0827708,-0.956053,-1.59478
10.176,0.0452397,-0.961392,0.081999,-0.957043,-1.59478
10.24,0.0107858,-0.954009,0.0805566,-0.957739,-1.59478
10.304,-0.0523383,-0.941653,0.077879,-0.958237,-1.59478
10.368,-0.00584088,-0.918448,0.076185,-0.958261,-1.59478
10.432,0.0149586,-0.823356,0.0749423,-0.95632,-1.59478
10.496,-0.0630058,-0.942888,0.0721621,-0.956934,-1.59478
10.56,0.0808736,-0.85906,0.0723182,-0.955734,-1.59478
10.624,0.100684,-1.03368,0.0728659,-0.958112,-1.59478
10.688,0.114927,-0.971602,0.0736874,-0.959202,-1.59478
10.752,-0.0509221,-0.967816,0.0711771,-0.960131,-1.59478
10.816,0.0244957,-0.963603,0.0702223,-0.961083,-1.59478
10.88,0.010217,-0.940026,0.069004,-0.961419,-1.59478
10.944,-0.0774449,-1.03265,0.0660553,-0.963663,-1.59478
11.008,0.0473101,-0.891486,0.0656608,-0.96304,-1.59478
11.072,0.044464,-0.920828,0.0652187,-0.962952,-1.59478
11.136,0.0599744,-0.926592,0.0650926,-0.963108,-1.59478
11.2,0.000113777,-1.02027,0.0637749,-0.965008,-1.59478
11.264,0.0466446,-0.879605,0.0634126,-0.96412,-1.59478
11.328,0.0656863,-0.909437,0.0634384,-0.963846,-1.59478
11.392,0.00690922,-0.921463,0.0622897,-0.963755,-1.59478
11.456,0.00349459,-0.808261,0.0610926,-0.961528,-1.59478
11.52,-0.00592591,-0.894646,0.0597341,-0.960947,-1.59478
11.584,-0.0239369,-0.981344,0.058041,-0.962175,-1.59478
11.648,0.00524148,-0.943676,0.0569653,-0.962625,-1.59478
11.712,0.0828954,-0.916753,0.0574658,-0.962464,-1.59478
11.776,0.0213294,-0.884332,0.0567219,-0.961784,-1.59478
11.84,-0.0494755,-0.924425,0.0545798,-0.961794,-1.59478
11.904,0.0448101,-1.02624,0.0543647,-0.963903,-1.59478
11.968,-0.0474369,-0.822291,0.052309,-0.96189,-1.59478
12.032,0.0230655,-0.963389,0.051706,-0.962677,-1.59478
12.096,0.0291295,-0.883729,0.0512333,-0.961981,-1.59478
12.16,0.0338995,-0.918956,0.0508684,-0.961877,-1.59478
12.224,0.0864805,-0.932419,0.051561,-0.962108,-1.59478
12.288,0.0557736,-1.07504,0.0516256,-0.965187,-1.59478
12.352,0.025633,-0.843245,0.0510876,-0.963504,-1.59478
12.416,0.000226966,-1.00284,0.0500492,-0.965174,-1.59478
12.48,-0.0806139,-1.00688,0.0474178,-0.966765,-1.59478
12.544,-0.131148,-0.95708,0.0438268,-0.967391,-1.59478
12.608,0.0892859,-0.937407,0.0447163,-0.967611,-1.59478
12.672,0.0611384,-0.966206,0.0450266,-0.96834,-1.59478
12.736,-0.062502,-0.934475,0.0428548,-0.968546,-1.59478
12.8,0.0113288,-0.854135,0.0422062,-0.967014,-1.59478
12.864,-0.0400828,-0.879394,0.0405407,-0.966082,-1.59478
12.928,0.0105639,-0.923239,0.0399215,-0.966045,-1.59478
12.992,-0.0964273,-0.974673,0.0371764,-0.966974,-1.59478
13.056,-0.0483245,-0.999895,0.0354452,-0.968515,-1.59478
13.12,0.0099272,-0.932091,0.0349167,-0.968544,-1.59478
13.184,-0.0367491,-0.928218,0.0334637,-0.968557,-1.59478
13.248,0.021736,-0.937574,0.0332095,-0.968757,-1.59478
13.312,-0.0562242,-0.930512,0.0314026,-0.968749,-1.59478
13.376,-0.0363906,-0.938041,0.0300256,-0.969018,-1.59478
13.44,-0.0483771,-0.953898,0.0284394,-0.969472,-1.59478
13.504,-0.0236921,-0.882429,0.0273771,-0.968551,-1.59478
13.568,0.0557129,-0.941744,0.0279241,-0.968835,-1.59478
13.632,-0.0148646,-0.861775,0.0270502,-0.96745,-1.59478
13.696,-0.0385131,-0.982184,0.0257178,-0.968628,-1.59478
13.76,-0.0100798,-0.972436,0.0249836,-0.969461,-1.59478
13.824,-0.0751865,-0.91048,0.0229606,-0.969101,-1.59478
13.888,-0.128764,-0.967272,0.0199064,-0.969884,-1.59478
13.952,-0.040844,-0.948189,0.0186733,-0.970207,-1.59478
14.016,-0.035572,-0.907717,0.0175672,-0.96984,-1.59478
14.08,-0.0127655,-0.868114,0.0169424,-0.968563,-1.59478
14.144,0.00452911,-0.893187,0.0166744,-0.967875,-1.59478
14.208,0.0510877,-0.905439,0.017343,-0.967446,-1.59478
14.272,-0.114075,-0.886662,0.0146965,-0.966587,-1.59478
14.336,0.0890878,-0.95373,0.0161632,-0.967213,-1.59478
14.4,-0.0118417,-0.987793,0.0155849,-0.968381,-1.59478
14.464,-0.129993,-0.930764,0.0126537,-0.968449,-1.59478
14.528,-0.0371919,-0.898581,0.0116371,-0.967871,-1.59478
14.592,-0.0777763,-0.979115,0.00983067,-0.968853,-1.59478
14.656,0.0531089,-0.906817,0.0106751,-0.968495,-1.59478
14.72,0.0302246,-0.996475,0.0110479,-0.969811,-1.59478
14.784,-0.0405235,-0.973748,0.0099968,-0.97071,-1.59478
14.848,0.0163841,-0.95003,0.0101049,-0.971116,-1.59478
14.912,0.0203542,-0.945403,0.0102917,-0.971359,-1.59478
14.976,0.0225941,-0.920227,0.0105166,-0.971219,-1.59478
15.04,0.0128676,-0.897209,0.0105454,-0.970496,-1.59478
15.104,-0.0526886,-0.937033,0.00926109,-0.970646,-1.59478
15.168,-0.0272887,-1.0101,0.00851043,-0.972255,-1.59478
15.232,-0.00702701,-1.02641,0.00818153,-0.974095,-1.59478
15.296,-0.0728867,-0.926307,0.00653898,-0.974022,-1.59478
15.36,0.0386007,-1.05301,0.00716206,-0.976359,-1.59478
15.424,-0.0237385,-0.917656,0.00652438,-0.976005,-1.59478
15.488,-0.0477332,-1.03099,0.00541956,-0.977924,-1.59478
15.552,-0.0543876,-0.810135,0.00420526,-0.975325,-1.59478
15.616,-0.0670723,-1.01607,0.00275853,-0.977023,-1.59478
15.68,0.00196042,-0.973068,0.00272441,-0.9777,-1.59478
15.744,-0.0210344,-0.974271,0.00222957,-0.978452,-1.59478
15.808,0.125531,-0.926097,0.00467594,-0.978224,-1.59478
15.872,0.0136726,-1.02273,0.00483772,-0.979871,-1.59478
15.936,-0.0969272,-0.959306,0.00278124,-0.980343,-1.59478
16,-0.0925487,-0.866425,0.000856485,-0.978821,-1.59478
16.064,-0.179936,-0.971418,-0.00277904,-0.979493,-1.59478
16.128,-0.12372,-0.967807,-0.00521752,-0.980079,-1.59478
16.192,-0.0690201,-1.03546,-0.00651172,-0.981943,-1.59478
16.256,-0.0514846,-0.909838,-0.00743236,-0.981384,-1.59478
16.32,-0.00123534,-0.92967,-0.00732658,-0.981107,-1.59478
16.384,0.0615294,-1.0001,-0.00596913,-0.982306,-1.59478
16.448,-0.0482962,-0.978193,-0.00683534,-0.983044,-1.59478
16.512,-0.0549056,-0.890755,-0.0078149,-0.981955,-1.59478
16.576,0.0158094,-0.966592,-0.00736359,-0.982531,-1.59478
16.64,-0.125843,-0.923724,-0.00975133,-0.982111,-1.59478
16.704,-0.0911541,-0.977671,-0.0113991,-0.982842,-1.59478
16.768,-0.0796037,-0.881192,-0.0127828,-0.981629,-1.59478
16.832,-0.0486431,-0.938802,-0.0135182,-0.981529,-1.59478
16.896,-0.00326048,-0.902335,-0.0133342,-0.980828,-1.59478
16.96,-0.0616026,-0.98016,-0.0143177,-0.981572,-1.59478
17.024,-0.0587336,-0.926713,-0.0152257,-0.981295,-1.59478
17.088,0.0259991,-0.929143,-0.0144209,-0.981071,-1.59478
17.152,-0.109086,-0.87127,-0.0163323,-0.979632,-1.59478
17.216,-0.0113078,-0.990082,-0.016253,-0.980724,-1.59478
17.28,-0.0916148,-0.835681,-0.0177784,-0.97858,-1.59478
17.344,0.00641696,-0.86379,-0.0173142,-0.977104,-1.59478
17.408,-0.12248,-0.945595,-0.0194372,-0.977294,-1.59478
17.472,0.0139865,-0.965128,-0.0187868,-0.977807,-1.59478
17.536,-0.0300828,-0.931277,-0.0190339,-0.977759,-1.59478
17.6,-0.127352,-1.02857,-0.0212185,-0.979532,-1.59478
17.664,-0.0769399,-0.928993,-0.0223526,-0.979341,-1.59478
17.728,0.0138632,-0.988253,-0.0216479,-0.980339,-1.59478
17.792,0.00279723,-0.952315,-0.0211772,-0.980536,-1.59478
17.856,-0.0236241,-0.965445,-0.0212473,-0.981117,-1.59478
17.92,-0.0302166,-1.05058,-0.0214448,-0.983263,-1.59478
17.984,0.0134305,-0.92016,-0.020767,-0.982821,-1.59478
18.048,-0.0348304,-0.965411,-0.0210679,-0.983292,-1.59478
18.112,-0.171139,-0.912388,-0.0240875,-0.982631,-1.59478
18.176,-0.071534,-0.875711,-0.0250576,-0.981375,-1.59478
18.24,-0.109597,-0.979279,-0.0267666,-0.98209,-1.59478
18.304,-0.0527185,-0.876719,-0.0273053,-0.980803,-1.59478
18.368,-0.0725602,-0.964683,-0.02823,-0.9813,-1.59478
18.432,-0.100702,-0.938576,-0.0296976,-0.981202,-1.59478
18.496,-0.0966964,-0.993726,-0.0310588,-0.982336,-1.59478
18.56,-0.0356584,-0.951503,-0.0311689,-0.982476,-1.59478
18.624,-0.128918,-0.993363,-0.0331436,-0.983513,-1.59478
18.688,-0.0750787,-0.914865,-0.0340019,-0.98296,-1.59478
18.752,-0.0261609,-0.99821,-0.0338633,-0.984022,-1.59478
18.816,-0.0573745,-0.984356,-0.0343547,-0.984912,-1.59478
18.88,-0.133227,-0.953381,-0.0363503,-0.985038,-1.59478
18.944,-0.140322,-0.973886,-0.0384494,-0.985635,-1.59478
19.008,0.0227512,-0.961077,-0.037245,-0.985963,-1.59478
19.072,-0.0781683,-0.92826,-0.0380817,-0.985566,-1.59478
19.136,-0.105533,-0.998928,-0.0394519,-0.986716,-1.59478
19.2,-0.0365522,-0.985749,-0.039412,-0.987454,-1.59478
19.264,-0.123244,-0.929357,-0.0411083,-0.987111,-1.59478
19.328,-0.161695,-0.93887,-0.0435397,-0.986967,-1.59478
19.392,-0.092054,-0.945204,-0.0445282,-0.986888,-1.59478
19.456,-0.116916,-1.02143,-0.0459971,-0.988462,-1.59478
19.52,-0.07063,-0.916492,-0.0465079,-0.987779,-1.59478
19.584,-0.0925857,-0.908416,-0.0474492,-0.987012,-1.59478
19.648,-0.133775,-0.975624,-0.0491954,-0.987604,-1.59478
19.712,-0.126773,-0.915233,-0.0507651,-0.986913,-1.59478
19.776,-0.109783,-0.883358,-0.0519666,-0.985725,-1.59478
19.84,-0.122255,-0.941023,-0.0533905,-0.985588,-1.59478
19.904,-0.0721301,-0.911,-0.053785,-0.984916,-1.59478
19.968,-0.124858,-0.887001,-0.0552261,-0.983777,-1.59478
20.032,-0.0974906,-0.848733,-0.0560896,-0.981833,-1.59478
20.096,-0.0995626,-0.907512,-0.0569802,-0.98123,-1.59478
20.16,-0.132347,-0.959202,-0.0585057,-0.981546,-1.59478
20.224,-0.0682606,-0.906101,-0.0587205,-0.980857,-1.59478
20.288,-0.135717,-0.975013,-0.0602801,-0.98156,-1.59478
20.352,-0.0459585,-0.896251,-0.0600118,-0.98061,-1.59478
20.416,-0.0987849,-0.92778,-0.0608084,-0.980437,-1.59478
20.48,-0.0595918,-0.854008,-0.0608022,-0.978665,-1.59478
20.544,-0.131913,-0.915794,-0.0622441,-0.978227,-1.59478
20.608,-0.0527004,-0.864204,-0.0620729,-0.976767,-1.59478
20.672,-0.146433,-0.940467,-0.0637783,-0.976798,-1.59478
20.736,-0.0918231,-0.939314,-0.0643603,-0.976931,-1.59478
20.8,-0.116593,-0.9349,-0.0654232,-0.976847,-1.59478
20.864,-0.095209,-0.918364,-0.0660385,-0.976497,-1.59478
20.928,-0.0666503,-1.08894,-0.0660704,-0.979566,-1.59478
20.992,-0.0815977,-0.932162,-0.0663991,-0.979375,-1.59478
21.056,-0.174363,-0.927774,-0.0685796,-0.979225,-1.59478
21.12,-0.149653,-0.98188,-0.0702192,-0.980035,-1.59478
21.184,-0.0773692,-1.00635,-0.0703819,-0.981381,-1.59478
21.248,-0.132796,-0.899628,-0.0716499,-0.980566,-1.59478
21.312,0.00635635,-0.924975,-0.0701079,-0.980211,-1.59478
21.376,-0.062218,-0.993886,-0.0699713,-0.981367,-1.59478
21.44,-0.199206,-0.957531,-0.0725741,-0.981647,-1.59478
21.504,-0.190412,-1.07346,-0.0749506,-0.984304,-1.59478
21.568,-0.111751,-1.02076,-0.0757062,-0.985853,-1.59478
21.632,-0.186416,-0.902773,-0.0779386,-0.984948,-1.59478
21.696,-0.14603,-0.893602,-0.0793216,-0.984004,-1.59478
21.76,-0.0818718,-0.854921,-0.0793908,-0.982179,-1.59478
21.824,-0.187522,-0.894585,-0.0815731,-0.981247,-1.59478
21.888,-0.173185,-0.894526,-0.083425,-0.980332,-1.59478
21.952,-0.108927,-0.930225,-0.0839532,-0.980087,-1.59478
22.016,-0.109898,-0.990352,-0.0844932,-0.981175,-1.59478
22.08,-0.163128,-0.825932,-0.0860841,-0.978827,-1.59478
22.144,-0.101421,-0.983723,-0.0864105,-0.979745,-1.59478
22.208,-0.117881,-0.938977,-0.0870596,-0.979749,-1.59478
22.272,-0.063568,-0.986046,-0.0866079,-0.980632,-1.59478
22.336,-0.131225,-0.855896,-0.0875214,-0.97902,-1.59478
22.4,-0.162441,-0.982981,-0.089038,-0.979856,-1.59478
22.464,-0.130195,-0.926822,-0.0898808,-0.979615,-1.59478
22.528,-0.0973153,-0.872213,-0.0900492,-0.978287,-1.59478
22.592,-0.10525,-0.935401,-0.0903713,-0.978186,-1.59478
22.656,-0.136083,-0.911276,-0.0913068,-0.977731,-1.59478
22.72,-0.10199,-0.968784,-0.0915386,-0.978309,-1.59478
22.784,-0.125402,-0.854246,-0.0922355,-0.976647,-1.59478
22.848,-0.175346,-1.10639,-0.0939174,-0.980062,-1.59478
22.912,-0.181355,-0.939249,-0.0956843,-0.980002,-1.59478
22.976,-0.18318,-1.02906,-0.0974554,-0.981866,-1.59478
23.04,-0.205597,-1.04344,-0.0996364,-0.983855,-1.59478
23.104,-0.0674069,-0.879053,-0.0990115,-0.982578,-1.59478
23.168,-0.0739066,-0.98748,-0.098529,-0.983496,-1.59478
23.232,-0.186376,-0.965581,-0.100304,-0.983895,-1.59478
23.296,-0.134106,-0.911478,-0.101001,-0.983329,-1.59478
23.36,-0.089067,-0.883647,-0.100781,-0.982092,-1.59478
23.424,-0.179077,-0.930006,-0.102366,-0.981871,-1.59478
23.488,-0.196631,-0.99942,-0.104271,-0.983041,-1.59478
23.552,-0.218404,-0.953245,-0.106572,-0.983202,-1.59478
23.616,-0.168406,-0.978145,-0.10783,-0.983984,-1.59478
23.68,-0.157047,-0.967687,-0.108833,-0.984415,-1.59478
23.744,-0.161412,-0.826914,-0.109904,-0.982085,-1.59478
23.808,-0.20232,-0.910539,-0.111772,-0.981474,-1.59478
23.872,-0.105082,-0.954581,-0.111656,-0.981692,-1.59478
23.936,-0.121321,-0.905827,-0.111871,-0.981058,-1.59478
24,-0.171334,-0.922474,-0.113078,-0.980643,-1.59478
24.064,-0.129753,-0.922825,-0.113431,-0.980307,-1.59478
24.128,-0.0590443,-0.934383,-0.112363,-0.980208,-1.59478
24.192,-0.164372,-0.945981,-0.113421,-0.98028,-1.59478
24.256,-0.104764,-0.932137,-0.113269,-0.9802,-1.59478
24.32,-0.194613,-0.905587,-0.114914,-0.979465,-1.59478
24.384,-0.145312,-1.02949,-0.115542,-0.981285,-1.59478
24.448,-0.176523,-1.01934,-0.116781,-0.982866,-1.59478
24.512,-0.174445,-0.856017,-0.117953,-0.981086,-1.59478
24.576,-0.170034,-0.898745,-0.119016,-0.980322,-1.59478
24.64,-0.162109,-0.938186,-0.119896,-0.980236,-1.59478
24.704,-0.1877,-0.987858,-0.121271,-0.981208,-1.59478
24.768,-0.139733,-0.903071,-0.12166,-0.980465,-1.59478
24.832,-0.15207,-0.915035,-0.122287,-0.979913,-1.59478
24.896,-0.13547,-0.89411,-0.122572,-0.97908,-1.59478
24.96,-0.178416,-0.888047,-0.123707,-0.978016,-1.59478
25.024,-0.131169,-0.914835,-0.123875,-0.977573,-1.59478
25.088,-0.140035,-0.801486,-0.124218,-0.974871,-1.59478
25.152,-0.0725656,-0.863481,-0.123203,-0.9734,-1.59478
25.216,-0.235425,-0.848934,-0.125469,-0.971793,-1.59478
25.28,-0.0626859,-0.977094,-0.124232,-0.972656,-1.59478
25.344,-0.253147,-0.84002,-0.12683,-0.970823,-1.59478
25.408,-0.162396,-0.975974,-0.127561,-0.971746,-1.59478
25.472,-0.114519,-0.960954,-0.127318,-0.972287,-1.59478
25.536,-0.104318,-0.942365,-0.126879,-0.972571,-1.59478
25.6,-0.146763,-1.04095,-0.127295,-0.974696,-1.59478
25.664,-0.182932,-0.962625,-0.128427,-0.975274,-1.59478
25.728,-0.203481,-1.0425,-0.129948,-0.977439,-1.59478
25.792,-0.183128,-0.937942,-0.13103,-0.977405,-1.59478
25.856,-0.125927,-0.993275,-0.130949,-0.978606,-1.59478
25.92,-0.191119,-0.965229,-0.13217,-0.979095,-1.59478
25.984,-0.217496,-0.913484,-0.133897,-0.978603,-1.59478
26.048,-0.171008,-0.977048,-0.134659,-0.979391,-1.59478
26.112,-0.186745,-0.898525,-0.135718,-0.978531,-1.59478
26.176,-0.128507,-1.01893,-0.135595,-0.980222,-1.59478
26.24,-0.144717,-0.904731,-0.135796,-0.979469,-1.59478
26.304,-0.23474,-0.991221,-0.137794,-0.980524,-1.59478
26.368,-0.159876,-0.921798,-0.138256,-0.980169,-1.59478
26.432,-0.136373,-0.941062,-0.138236,-0.980143,-1.59478
26.496,-0.0932404,-0.946927,-0.137358,-0.980362,-1.59478
26.56,-0.211858,-0.981287,-0.138866,-0.981137,-1.59478
26.624,-0.268307,-0.927253,-0.141474,-0.980879,-1.59478
26.688,-0.191359,-0.90247,-0.142492,-0.980131,-1.59478
26.752,-0.173256,-0.936013,-0.143125,-0.980006,-1.59478
26.816,-0.134181,-0.958192,-0.142967,-0.980452,-1.59478
26.88,-0.110394,-0.936411,-0.142334,-0.980328,-1.59478
26.944,-0.147529,-0.924868,-0.142458,-0.980039,-1.59478
27.008,-0.228033,-0.958389,-0.144189,-0.980426,-1.59478
27.072,-0.182488,-1.05431,-0.144973,-0.98266,-1.59478
27.136,-0.15918,-0.987881,-0.145278,-0.983647,-1.59478
27.2,-0.184789,-0.945059,-0.146087,-0.983632,-1.59478
27.264,-0.220684,-0.823989,-0.147598,-0.981259,-1.59478
27.328,-0.242336,-0.922666,-0.149513,-0.980907,-1.59478
27.392,-0.113767,-0.909367,-0.148816,-0.980233,-1.59478
27.456,-0.220679,-1.02437,-0.150274,-0.981999,-1.59478
27.52,-0.244299,-0.853827,-0.152173,-0.980192,-1.59478
27.584,-0.209076,-1.04995,-0.153331,-0.982407,-1.59478
27.648,-0.149794,-0.946832,-0.15328,-0.982516,-1.59478
27.712,-0.30563,-0.931777,-0.156345,-0.982258,-1.59478
27.776,-0.116927,-0.906183,-0.155578,-0.981619,-1.59478
27.84,-0.179681,-0.800295,-0.156078,-0.978749,-1.59478
27.904,-0.248366,-0.954977,-0.157943,-0.979094,-1.59478
27.968,-0.155906,-0.931062,-0.157922,-0.978953,-1.59478
28.032,-0.172376,-0.950164,-0.158229,-0.979134,-1.59478
28.096,-0.0842689,-0.956359,-0.156771,-0.979561,-1.59478
28.16,-0.105623,-1.01835,-0.155767,-0.981094,-1.59478
28.224,-0.194507,-1.0108,-0.156561,-0.982508,-1.59478
28.288,-0.153453,-0.943569,-0.156519,-0.982549,-1.59478
28.352,-0.244137,-0.925891,-0.158289,-0.982172,-1.59478
28.416,-0.243319,-0.956536,-0.160011,-0.982543,-1.59478
28.48,-0.0270554,-0.978147,-0.15737,-0.983211,-1.59478
28.544,-0.0808557,-0.973347,-0.155859,-0.983834,-1.59478
28.608,-0.303874,-0.933716,-0.158839,-0.983651,-1.59478
28.672,-0.244718,-0.931948,-0.160575,-0.983374,-1.59478
28.736,-0.232919,-0.906095,-0.162043,-0.982712,-1.59478
28.8,-0.121989,-0.984378,-0.16126,-0.983502,-1.59478
28.864,-0.182146,-0.954201,-0.161698,-0.983735,-1.59478
28.928,-0.107436,-0.953078,-0.160632,-0.983942,-1.59478
28.992,-0.256276,-0.880415,-0.162563,-0.982628,-1.59478
29.056,-0.205901,-0.889712,-0.163451,-0.981653,-1.59478
29.12,-0.302967,-0.98308,-0.166259,-0.982438,-1.59478
29.184,-0.135651,-0.955277,-0.165667,-0.982715,-1.59478
29.248,-0.199037,-1.01982,-0.166354,-0.984277,-1.59478
29.312,-0.271248,-1.02837,-0.16847,-0.985915,-1.59478
29.376,-0.237898,-1.02653,-0.16988,-0.987611,-1.59478
29.44,-0.142713,-0.900034,-0.169355,-0.986616,-1.59478
29.504,-0.221567,-1.02559,-0.170418,-0.988215,-1.59478
29.568,-0.136463,-0.949494,-0.169759,-0.988261,-1.59478
29.632,-0.181074,-1.00592,-0.170004,-0.989371,-1.59478
29.696,-0.216724,-0.835208,-0.170959,-0.98717,-1.59478
29.76,-0.243256,-0.993925,-0.172423,-0.988062,-1.59478
29.824,-0.22314,-0.92743,-0.173457,-0.987669,-1.59478
29.888,-0.25291,-0.897856,-0.175066,-0.986693,-1.59478
29.952,-0.267982,-0.945723,-0.176942,-0.98663,-1.59478
30.016,-0.213259,-1.00609,-0.17769,-0.987902,-1.59478
30.08,-0.220731,-0.893166,-0.178569,-0.986764,-1.59478
30.144,-0.182331,-0.912838,-0.178664,-0.986106,-1.59478
30.208,-0.196933,-0.885368,-0.179049,-0.984911,-1.59478
30.272,-0.138741,-0.980028,-0.178261,-0.98557,-1.59478
30.336,-0.234132,-0.93734,-0.179399,-0.985488,-1.59478
30.4,-0.313585,-0.935609,-0.182101,-0.985247,-1.59478
30.464,-0.219642,-0.897972,-0.182872,-0.984322,-1.59478
30.528,-0.274578,-0.874589,-0.184726,-0.982947,-1.59478
30.592,-0.16701,-0.901328,-0.184389,-0.982071,-1.59478
30.656,-0.233505,-1.03595,-0.185393,-0.984032,-1.59478
30.72,-0.179096,-1.04285,-0.185285,-0.985965,-1.59478
30.784,-0.266595,-0.923584,-0.186931,-0.985537,-1.59478
30.848,-0.183092,-0.951787,-0.186874,-0.985682,-1.59478
30.912,-0.287393,-1.04032,-0.188902,-0.987531,-1.59478
30.976,-0.307673,-0.987039,-0.191299,-0.988405,-1.59478
31.04,-0.257632,-0.860548,-0.192644,-0.986604,-1.59478
31.104,-0.178472,-0.946316,-0.19238,-0.986618,-1.59478
31.168,-0.184105,-1.00271,-0.192234,-0.98776,-1.59478
31.232,-0.256635,-0.991082,-0.19354,-0.988583,-1.59478
31.296,-0.275018,-0.966634,-0.195191,-0.989027,-1.59478
31.36,-0.298482,-0.977504,-0.197275,-0.989553,-1.59478
31.424,-0.130715,-0.986509,-0.195964,-0.990312,-1.59478
31.488,-0.246643,-0.94174,-0.196997,-0.990161,-1.59478
31.552,-0.240687,-0.956997,-0.197889,-0.990254,-1.59478
31.616,-0.246307,-0.897252,-0.198878,-0.989277,-1.59478
31.68,-0.188429,-0.878868,-0.198687,-0.987826,-1.59478
31.744,-0.185584,-0.835929,-0.198445,-0.985608,-1.59478
31.808,-0.239356,-0.907426,-0.199283,-0.984864,-1.59478
31.872,-0.304411,-0.928197,-0.201404,-0.984487,-1.59478
31.936,-0.264517,-1.0123,-0.202687,-0.985926,-1.59478
32,-0.133767,-1.00927,-0.201327,-0.98715,-1.59478
32.064,-0.281855,-0.978628,-0.202957,-0.987799,-1.59478
32.128,-0.216421,-0.998846,-0.203246,-0.98884,-1.59478
32.192,-0.182354,-0.96904,-0.202846,-0.989201,-1.59478
32.256,-0.158979,-0.926809,-0.20199,-0.988836,-1.59478
32.32,-0.214897,-0.964983,-0.202266,-0.989116,-1.59478
32.384,-0.291666,-0.957683,-0.204074,-0.989307,-1.59478
32.448,-0.230408,-0.956786,-0.20462,-0.989476,-1.59478
32.512,-0.26711,-0.897853,-0.205888,-0.988401,-1.59478
32.576,-0.263355,-0.978647,-0.207059,-0.989088,-1.59478
32.64,-0.289225,-0.962174,-0.20872,-0.989307,-1.59478
32.704,-0.282222,-0.954565,-0.21021,-0.989432,-1.59478
32.768,-0.294451,-0.980608,-0.211915,-0.990075,-1.59478
32.832,-0.270224,-0.989636,-0.213099,-0.990823,-1.59478
32.896,-0.212045,-0.948516,-0.213099,-0.99086,-1.59478
32.96,-0.256687,-0.929709,-0.213989,-0.990394,-1.59478
33.024,-0.23474,-0.942899,-0.214424,-0.990264,-1.59478
33.088,-0.258728,-0.90825,-0.215329,-0.989443,-1.59478
33.152,-0.258218,-0.994986,-0.216205,-0.990311,-1.59478
33.216,-0.295793,-0.961993,-0.217818,-0.990627,-1.59478
33.28,-0.287069,-0.955735,-0.219221,-0.990686,-1.59478
33.344,-0.291321,-0.937177,-0.220683,-0.990436,-1.59478
33.408,-0.313939,-0.92573,-0.222568,-0.989962,-1.59478
33.472,-0.308616,-0.985284,-0.224307,-0.990625,-1.59478
33.536,-0.270889,-0.900855,-0.22526,-0.989712,-1.59478
33.6,-0.272466,-0.905208,-0.226222,-0.988779,-1.59478
33.664,-0.223316,-0.936118,-0.226184,-0.988546,-1.59478
33.728,-0.258084,-0.912402,-0.226841,-0.987843,-1.59478
33.792,-0.295567,-0.994196,-0.228234,-0.988727,-1.59478
33.856,-0.296393,-0.925957,-0.229618,-0.988354,-1.59478
33.92,-0.262875,-0.994242,-0.230302,-0.989229,-1.59478
33.984,-0.300028,-1.03742,-0.231716,-0.991012,-1.59478
34.048,-0.248679,-0.958481,-0.232075,-0.991182,-1.59478
34.112,-0.283021,-1.03373,-0.233112,-0.992789,-1.59478
34.176,-0.283456,-0.910448,-0.23414,-0.992025,-1.59478
34.24,-0.261923,-0.965146,-0.234714,-0.992245,-1.59478
34.304,-0.309479,-0.95541,-0.236229,-0.992328,-1.59478
34.368,-0.296138,-0.973969,-0.237447,-0.99278,-1.59478
34.432,-0.275507,-0.991528,-0.238226,-0.993512,-1.59478
34.496,-0.286754,-0.973006,-0.239218,-0.993985,-1.59478
34.56,-0.291492,-0.948097,-0.240281,-0.993824,-1.59478
34.624,-0.236167,-0.913193,-0.240219,-0.993031,-1.59478
34.688,-0.256858,-1.00185,-0.240571,-0.994027,-1.59478
34.752,-0.307568,-0.958153,-0.241929,-0.994067,-1.59478
34.816,-0.163557,-0.959952,-0.240383,-0.994267,-1.59478
34.88,-0.243719,-0.969321,-0.240468,-0.994525,-1.59478
34.944,-0.319484,-1.00157,-0.242068,-0.995486,-1.59478
35.008,-0.361243,-0.894112,-0.244471,-0.994278,-1.59478
35.072,-0.306067,-0.871724,-0.245721,-0.992584,-1.59478
35.136,-0.289896,-0.936398,-0.246626,-0.992343,-1.59478
35.2,-0.308844,-0.928836,-0.247888,-0.99183,-1.59478
35.264,-0.321045,-1.05193,-0.249371,-0.993852,-1.59478
35.328,-0.273082,-0.985039,-0.249865,-0.994495,-1.59478
35.392,-0.270139,-0.904737,-0.250289,-0.993457,-1.59478
35.456,-0.368201,-0.923386,-0.252668,-0.992938,-1.59478
35.52,-0.327412,-0.845782,-0.254181,-0.990752,-1.59478
35.584,-0.317303,-0.919955,-0.255463,-0.990156,-1.59478
35.648,-0.399635,-0.915178,-0.258366,-0.989476,-1.59478
35.712,-0.246129,-0.909969,-0.25814,-0.988643,-1.59478
35.776,-0.302408,-0.915955,-0.259046,-0.988072,-1.59478
35.84,-0.1999,-0.946762,-0.257881,-0.988003,-1.59478
35.904,-0.209645,-0.889496,-0.256936,-0.986852,-1.59478
35.968,-0.313105,-0.884628,-0.258079,-0.985628,-1.59478
36.032,-0.284914,-1.01446,-0.258634,-0.986961,-1.59478
36.096,-0.278051,-0.946101,-0.259044,-0.987027,-1.59478
36.16,-0.308721,-0.875347,-0.260055,-0.98555,-1.59478
36.224,-0.316226,-0.952368,-0.261199,-0.985706,-1.59478
36.288,-0.305357,-0.952077,-0.262101,-0.985853,-1.59478
36.352,-0.228463,-0.970442,-0.261447,-0.986302,-1.59478
36.416,-0.234489,-1.03396,-0.260929,-0.988138,-1.59478
36.48,-0.260889,-0.909183,-0.260946,-0.987316,-1.59478
36.544,-0.274828,-0.912531,-0.261243,-0.98664,-1.59478
36.608,-0.233076,-0.87867,-0.2607,-0.9853,-1.59478
36.672,-0.321302,-0.888393,-0.26193,-0.984119,-1.59478
36.736,-0.287168,-1.00039,-0.262456,-0.985327,-1.59478
36.8,-0.415056,-1.07817,-0.265526,-0.987941,-1.59478
36.864,-0.277681,-0.880281,-0.265789,-0.986607,-1.59478
36.928,-0.346313,-0.918728,-0.267419,-0.98607,-1.59478
36.992,-0.222511,-0.987865,-0.266539,-0.986862,-1.59478
37.056,-0.272314,-0.985083,-0.266676,-0.98771,-1.59478
37.12,-0.354676,-0.93838,-0.268454,-0.98748,-1.59478
37.184,-0.34347,-0.948773,-0.269974,-0.987525,-1.59478
37.248,-0.272987,-0.872505,-0.270054,-0.986045,-1.59478
37.312,-0.315535,-0.84101,-0.270982,-0.983901,-1.59478
37.376,-0.319416,-0.833489,-0.271971,-0.981776,-1.59478
37.44,-0.326512,-0.99867,-0.27308,-0.98287,-1.59478
37.504,-0.30572,-1.0171,-0.273753,-0.984375,-1.59478
37.568,-0.358584,-0.890216,-0.275469,-0.983311,-1.59478
37.632,-0.356652,-1.01511,-0.277111,-0.984704,-1.59478
37.696,-0.242427,-0.938379,-0.276438,-0.984661,-1.59478
37.76,-0.280244,-0.979196,-0.276533,-0.985308,-1.59478
37.824,-0.428479,-0.921,-0.279591,-0.984842,-1.59478
37.888,-0.365749,-0.845518,-0.281334,-0.982875,-1.59478
37.952,-0.244355,-0.832992,-0.280613,-0.980634,-1.59478
38.016,-0.390208,-0.894242,-0.282826,-0.979789,-1.59478
38.08,-0.279918,-0.939129,-0.282786,-0.979733,-1.59478
38.144,-0.282722,-0.983135,-0.282804,-0.980621,-1.59478
38.208,-0.287377,-0.926118,-0.282915,-0.98035,-1.59478
38.272,-0.312644,-0.915208,-0.283528,-0.979804,-1.59478
38.336,-0.219068,-0.94977,-0.28226,-0.980087,-1.59478
38.4,-0.325549,-0.919561,-0.283144,-0.979633,-1.59478
38.464,-0.311566,-0.900834,-0.283732,-0.978877,-1.59478
38.528,-0.370589,-0.944309,-0.285489,-0.979005,-1.59478
38.592,-0.245845,-1.00151,-0.284696,-0.979455,-1.60889
38.656,-0.34522,-0.97032,-0.285903,-0.97921,-1.623
38.72,-0.356643,-0.945037,-0.287322,-0.978589,-1.63711
38.784,-0.283687,-0.959529,-0.287249,-0.978208,-1.65122
38.848,-0.474813,-0.937141,-0.291001,-0.977387,-1.66533
38.912,-0.32241,-0.916253,-0.291629,-0.976164,-1.67944
38.976,-0.318243,-0.928518,-0.292153,-0.975148,-1.69355
39.04,-0.317669,-0.966274,-0.292672,-0.975033,-1.70766
39.104,-0.320744,-0.896433,-0.293234,-0.973461,-1.72177
39.168,-0.297617,-0.874072,-0.293321,-0.971474,-1.73589
39.232,-0.271015,-0.983571,-0.292875,-0.971716,-1.75
39.296,-0.335304,-0.898694,-0.293712,-0.970193,-1.76411
39.36,-0.308713,-0.919289,-0.294025,-0.969237,-1.77822
39.424,-0.286869,-0.896326,-0.293882,-0.967779,-1.79234
39.488,-0.486265,-0.948489,-0.297729,-0.967393,-1.80645
39.552,-0.216706,-0.980669,-0.296109,-0.967658,-1.82057
39.616,-0.386654,-0.989717,-0.297903,-0.968039,-1.83469
39.68,-0.303628,-0.896404,-0.298035,-0.966667,-1.84881
39.744,-0.27763,-0.941961,-0.297627,-0.966173,-1.86293
39.808,-0.328882,-0.945332,-0.298252,-0.965756,-1.87704
39.872,-0.329429,-0.917932,-0.298876,-0.964799,-1.89116
39.936,-0.383913,-0.921922,-0.300556,-0.963882,-1.90528
40,-0.385192,-0.914474,-0.30227,-0.962953,-1.9194
40.064,-0.30932,-0.947209,-0.302411,-0.962638,-1.93352
40.128,-0.369121,-0.941564,-0.303745,-0.962217,-1.94763
40.192,-0.328775,-0.90422,-0.304246,-0.961057,-1.96175
40.256,-0.301525,-0.910906,-0.304167,-0.959996,-1.97587
40.32,-0.403443,-1.00219,-0.306178,-0.960897,-1.98999
40.384,-0.29055,-0.972703,-0.305865,-0.961134,-2.0041
40.448,-0.391168,-0.84578,-0.307571,-0.958826,-2.01822
40.512,-0.305942,-0.932628,-0.307539,-0.958302,-2.03234
40.576,-0.33527,-0.971404,-0.308064,-0.958508,-2.04645
40.64,-0.313764,-0.865118,-0.308208,-0.956696,-2.06057
40.704,-0.293936,-0.880437,-0.307923,-0.955171,-2.07468
40.768,-0.255042,-0.925314,-0.306865,-0.954574,-2.0888
40.832,-0.280986,-0.992962,-0.306347,-0.955342,-2.10292
40.896,-0.279532,-0.980725,-0.305778,-0.955795,-2.11703
40.96,-0.370498,-1.00746,-0.307106,-0.956882,-2.13115
41.024,-0.306494,-0.975375,-0.307094,-0.957252,-2.14526
41.088,-0.328749,-0.964346,-0.307527,-0.957394,-2.15938
41.152,-0.349153,-1.01528,-0.30836,-0.958552,-2.17349
41.216,-0.342863,-0.892995,-0.309013,-0.957189,-2.18761
41.28,-0.393376,-0.961893,-0.310738,-0.957334,-2.20172
41.344,-0.347568,-0.949888,-0.311474,-0.957185,-2.21584
41.408,-0.359086,-0.863771,-0.312426,-0.955317,-2.22995
41.472,-0.376558,-0.923322,-0.313709,-0.954677,-2.24406
41.536,-0.297637,-0.899674,-0.313348,-0.953528,-2.25818
41.6,-0.352043,-0.871862,-0.314162,-0.951943,-2.27229
41.664,-0.29385,-0.915003,-0.313756,-0.951204,-2.2864
41.728,-0.358306,-0.975923,-0.314647,-0.951698,-2.30052
41.792,-0.293366,-1.04973,-0.314221,-0.953659,-2.31463
41.856,-0.293592,-0.952131,-0.313765,-0.953583,-2.32875
41.92,-0.322925,-0.908654,-0.313993,-0.952729,-2.34286
41.984,-0.32941,-0.965096,-0.314301,-0.952977,-2.35697
42.048,-0.285745,-1.06592,-0.31373,-0.955235,-2.37108
42.112,-0.296628,-0.850148,-0.313388,-0.953134,-2.3852
42.176,-0.315166,-0.943291,-0.313377,-0.952894,-2.39931
42.24,-0.316461,-0.949369,-0.313486,-0.952866,-2.41342
42.304,-0.262104,-0.90903,-0.312458,-0.951989,-2.42754
42.368,-0.337994,-0.953647,-0.312969,-0.952022,-2.44165
42.432,-0.402248,-0.966456,-0.314754,-0.952311,-2.45576
42.496,-0.360334,-0.876697,-0.315617,-0.950759,-2.46987
42.56,-0.367584,-0.897705,-0.316706,-0.949737,-2.48399
42.624,-0.333074,-0.940987,-0.317033,-0.949562,-2.4981
42.688,-0.35809,-1.01579,-0.317854,-0.950886,-2.51221
42.752,-0.32358,-0.973246,-0.317969,-0.951333,-2.52632
42.816,-0.212118,-1.00766,-0.3158,-0.952424,-2.54044
42.88,-0.264703,-0.946513,-0.31483,-0.952341,-2.55455
42.944,-0.413787,-0.817708,-0.31681,-0.949648,-2.56866
43.008,-0.292939,-0.973609,-0.316332,-0.950128,-2.58278
43.072,-0.380281,-0.976878,-0.317611,-0.950663,-2.59689
43.136,-0.376285,-0.958108,-0.31873,-0.95078,-2.611
43.2,-0.461472,-0.904207,-0.32164,-0.949879,-2.62511
43.264,-0.297874,-0.951709,-0.321165,-0.949916,-2.63922
43.328,-0.464329,-0.947161,-0.324028,-0.949861,-2.65334
43.392,-0.339985,-0.972588,-0.324347,-0.950315,-2.66745
43.456,-0.320678,-0.92344,-0.324217,-0.94975,-2.68156
43.52,-0.332431,-0.912826,-0.324438,-0.949039,-2.69567
43.584,-0.285517,-0.886861,-0.32366,-0.947795,-2.70979
43.648,-0.421396,-0.954846,-0.325615,-0.947936,-2.7239
43.712,-0.227576,-1.03683,-0.323654,-0.949714,-2.73801
43.776,-0.292476,-0.95106,-0.322972,-0.949717,-2.75212
43.84,-0.357087,-0.913626,-0.323713,-0.949018,-2.76624
43.904,-0.355282,-0.910504,-0.324344,-0.948248,-2.78035
43.968,-0.385231,-0.878734,-0.325562,-0.946858,-2.79446
44.032,-0.392119,-0.890359,-0.326893,-0.945728,-2.80857
44.096,-0.348829,-0.890105,-0.327272,-0.944595,-2.82268
44.16,-0.297686,-0.904514,-0.32674,-0.943813,-2.83679
44.224,-0.370848,-0.913806,-0.327623,-0.943213,-2.85091
44.288,-0.388897,-0.964198,-0.328848,-0.943632,-2.86502
44.352,-0.383628,-0.956119,-0.329944,-0.943882,-2.87913
44.416,-0.338225,-0.825212,-0.330048,-0.941493,-2.89324
44.48,-0.36211,-0.834926,-0.330751,-0.939376,-2.90735
44.544,-0.365892,-0.898215,-0.331454,-0.938553,-2.92146
44.608,-0.336726,-0.919295,-0.331559,-0.938168,-2.93557
44.672,-0.343676,-0.947728,-0.331801,-0.938359,-2.94968
44.736,-0.34701,-0.977934,-0.332043,-0.93914,-2.9638
44.8,-0.321553,-0.97015,-0.331896,-0.93977,-2.97791
